date,daily_revenue,rolling_7,rolling_30,month,dayofweek
2016-09-04,72.89,,,2016-09,6
2016-09-05,59.5,,,2016-09,0
2016-09-15,134.97,,,2016-09,3
2016-10-02,100.0,,,2016-10,6
2016-10-03,463.48,,,2016-10,0
2016-10-04,9940.96,,,2016-10,1
2016-10-05,8343.25,2730.7214285714285,,2016-10,2
2016-10-06,7960.51,3857.5242857142853,,2016-10,3
2016-10-07,7228.05,4881.602857142857,,2016-10,4
2016-10-08,8441.85,6068.3,,2016-10,5
2016-10-09,3336.99,6530.727142857142,,2016-10,6
2016-10-10,3692.57,6992.0257142857145,,2016-10,0
2016-12-23,10.9,5573.4457142857145,,2016-12,4
2017-01-05,396.9,4438.2528571428575,,2017-01,3
2017-01-06,916.38,3431.948571428572,,2017-01,4
2017-01-07,1351.9,2592.4985714285713,,2017-01,5
2017-01-08,709.58,1487.8885714285714,,2017-01,6
2017-01-09,673.79,1107.4314285714286,,2017-01,0
2017-01-10,1434.87,784.9028571428571,,2017-01,1
2017-01-11,2776.16,1179.94,,2017-01,2
2017-01-12,2234.58,1442.465714285714,,2017-01,3
2017-01-13,2505.58,1669.4942857142855,,2017-01,4
2017-01-14,1112.69,1635.3214285714282,,2017-01,5
2017-01-15,2199.57,1848.1771428571426,,2017-01,6
2017-01-16,3307.92,2224.4814285714283,,2017-01,0
2017-01-17,3302.53,2491.2900000000004,,2017-01,1
2017-01-18,4032.36,2670.7471428571434,,2017-01,2
2017-01-19,3553.95,2859.2285714285713,,2017-01,3
2017-01-20,4035.83,3077.8357142857144,,2017-01,4
2017-01-21,2458.6,3270.1085714285714,2892.970333333333,2017-01,5
2017-01-22,3619.27,3472.922857142857,3011.183,2017-01,6
2017-01-23,6581.47,3940.5728571428576,3228.582,2017-01,0
2017-01-24,5955.17,4319.521428571428,3422.588666666667,2017-01,1
2017-01-25,8977.23,5025.931428571429,3718.4963333333335,2017-01,2
2017-01-26,13157.66,6397.889999999999,4141.635666666667,2017-01,3
2017-01-27,11432.95,7454.621428571429,4191.368666666666,2017-01,4
2017-01-28,5211.01,7847.822857142857,4086.9606666666664,2017-01,5
2017-01-29,6457.66,8253.307142857144,4036.8656666666666,2017-01,6
2017-01-30,10801.13,8856.115714285714,4155.968333333333,2017-01,0
2017-01-31,11116.13,9593.395714285713,4245.111,2017-01,1
2017-02-01,8219.75,9485.184285714286,4407.8696666666665,2017-02,2
2017-02-02,8917.64,8879.467142857142,4582.038666666666,2017-02,3
2017-02-03,10183.74,8701.00857142857,4921.133333333333,2017-02,4
2017-02-04,13968.16,9952.029999999999,5373.508666666667,2017-02,5
2017-02-05,8503.79,10244.334285714285,5626.422333333334,2017-02,6
2017-02-06,9539.44,10064.092857142856,5899.3403333333345,2017-02,0
2017-02-07,14143.48,10496.57142857143,6347.137,2017-02,1
2017-02-08,11958.27,11030.645714285714,6723.286333333334,2017-02,2
2017-02-09,9190.29,11069.595714285713,6981.800333333333,2017-02,3
2017-02-10,14222.64,11646.581428571428,7363.349666666667,2017-02,4
2017-02-11,4307.56,10266.495714285715,7432.449,2017-02,5
2017-02-12,15126.15,11212.547142857144,7853.134666666667,2017-02,6
2017-02-13,10785.15,11390.505714285713,8175.55,2017-02,0
2017-02-14,12694.11,11183.452857142856,8525.368,2017-02,1
2017-02-15,6770.15,10442.292857142855,8640.775666666666,2017-02,2
2017-02-16,6348.04,10036.257142857143,8742.292666666666,2017-02,3
2017-02-17,6801.26,8976.060000000001,8834.589333333333,2017-02,4
2017-02-18,7297.33,9403.17,8959.368666666667,2017-02,5
2017-02-19,3797.9,7784.848571428572,8951.437666666665,2017-02,6
2017-02-20,7878.3,7369.584285714286,9132.094333333334,2017-02,0
2017-02-21,8285.64,6739.802857142858,9287.639999999998,2017-02,1
2017-02-22,8033.05,6920.217142857143,9336.026000000002,2017-02,2
2017-02-23,6940.82,7004.9,9368.881,2017-02,3
2017-02-24,6682.21,6987.892857142857,9292.380333333333,2017-02,4
2017-02-25,4196.59,6544.93,8993.678000000002,2017-02,5
2017-02-26,5446.68,6780.47,8794.135666666667,2017-02,6
2017-02-27,5844.12,6489.872857142857,8815.239333333333,2017-02,0
2017-02-28,11220.76,6909.175714285714,8974.009333333333,2017-02,1
2017-03-01,12555.41,7555.227142857143,9032.485333333334,2017-03,2
2017-03-02,11377.0,8188.967142857144,9041.181,2017-03,3
2017-03-03,12364.44,9000.714285714286,9179.337333333333,2017-03,4
2017-03-04,12658.51,10209.56,9304.033,2017-03,5
2017-03-05,6954.62,10424.98,9196.395666666667,2017-03,6
2017-03-06,10336.64,11066.768571428573,9075.345,2017-03,0
2017-03-07,11883.52,11161.448571428571,9188.002666666667,2017-03,1
2017-03-08,14612.46,11455.312857142857,9357.103333333334,2017-03,2
2017-03-09,11705.54,11502.247142857143,9275.838666666667,2017-03,3
2017-03-10,12358.87,11501.451428571429,9289.192000000001,2017-03,4
2017-03-11,10852.97,11243.517142857143,9344.614666666666,2017-03,5
2017-03-12,6612.16,11194.594285714284,9090.932,2017-03,6
2017-03-13,16958.05,12140.509999999998,9512.615,2017-03,0
2017-03-14,14243.66,12477.672857142858,9483.198666666667,2017-03,1
2017-03-15,14999.33,12532.94,9623.671333333332,2017-03,2
2017-03-16,14269.78,12899.26,9676.193666666666,2017-03,3
2017-03-17,11970.4,12843.764285714284,9849.535333333333,2017-03,4
2017-03-18,16433.82,13641.028571428573,10185.728,2017-03,5
2017-03-19,6649.34,13646.34,10180.663999999999,2017-03,6
2017-03-20,17096.49,13666.117142857143,10507.302666666666,2017-03,0
2017-03-21,11349.13,13252.612857142856,10759.010333333334,2017-03,1
2017-03-22,14188.97,13136.847142857141,10969.366,2017-03,2
2017-03-23,16375.55,13437.671428571428,11239.029666666667,2017-03,3
2017-03-24,10177.87,13181.595714285713,11310.523666666668,2017-03,4
2017-03-25,9423.04,12180.055714285716,11393.264333333333,2017-03,5
2017-03-26,6320.95,12133.142857142857,11381.222333333333,2017-03,6
2017-03-27,16356.97,12027.497142857144,11786.568333333333,2017-03,0
2017-03-28,12373.11,12173.78,12017.449333333334,2017-03,1
2017-03-29,8660.54,11384.004285714285,12111.33,2017-03,2
2017-03-30,10025.6,10476.868571428571,12071.491333333333,2017-03,3
2017-03-31,12199.56,10765.68142857143,12059.629666666668,2017-03,4
2017-04-01,17697.37,11947.72857142857,12270.308666666668,2017-04,5
2017-04-02,9129.88,12349.004285714285,12162.489999999998,2017-04,6
2017-04-03,9156.76,11320.402857142855,12045.764999999998,2017-04,0
2017-04-04,12301.65,11310.194285714286,12223.999333333333,2017-04,1
2017-04-05,18902.94,12773.394285714287,12509.542666666668,2017-04,2
2017-04-06,23168.89,14651.007142857141,12885.721666666668,2017-04,3
2017-04-07,13300.65,14808.305714285714,12841.994666666666,2017-04,4
2017-04-08,8785.09,13535.122857142856,12744.646333333334,2017-04,5
2017-04-09,8222.65,13405.518571428573,12606.772333333332,2017-04,6
2017-04-10,11732.31,13773.454285714286,12636.083666666666,2017-04,0
2017-04-11,8296.51,13201.291428571427,12692.228666666666,2017-04,1
2017-04-12,8209.2,11673.614285714286,12400.600333333334,2017-04,2
2017-04-13,9691.43,9748.262857142856,12248.859333333332,2017-04,3
2017-04-14,8168.66,9015.121428571429,12021.170333333335,2017-04,4
2017-04-15,8333.94,8950.67142857143,11823.309000000001,2017-04,5
2017-04-16,5455.96,8555.43,11606.161,2017-04,6
2017-04-17,9416.67,8224.624285714286,11372.256000000001,2017-04,0
2017-04-18,21286.72,10080.368571428571,11860.168666666666,2017-04,1
2017-04-19,12103.46,10636.691428571428,11693.734333333334,2017-04,2
2017-04-20,13373.14,11162.649999999998,11761.201333333333,2017-04,3
2017-04-21,8457.71,11203.942857142856,11570.159333333333,2017-04,4
2017-04-22,12860.18,11850.548571428571,11452.980333333333,2017-04,5
2017-04-23,10038.95,12505.261428571428,11448.349666666667,2017-04,6
2017-04-24,15150.03,13324.312857142857,11639.249333333333,2017-04,0
2017-04-25,14671.74,12379.315714285713,11917.609,2017-04,1
2017-04-26,15919.75,12924.5,11903.035000000002,2017-04,2
2017-04-27,10300.71,12485.581428571428,11833.954999999998,2017-04,3
2017-04-28,15790.49,13533.121428571429,12071.619999999999,2017-04,4
2017-04-29,11912.63,13397.757142857143,12134.521,2017-04,5
2017-04-30,8091.16,13119.501428571428,11997.574333333332,2017-04,6
2017-05-01,12580.27,12752.392857142857,11827.004333333332,2017-05,0
2017-05-02,17640.2,13176.458571428573,12110.681666666667,2017-05,1
2017-05-03,10053.56,12338.431428571426,12140.575,2017-05,2
2017-05-04,13508.55,12796.694285714286,12180.804999999998,2017-05,3
2017-05-05,13969.76,12536.589999999998,12016.365666666667,2017-05,4
2017-05-06,16219.98,13151.925714285715,11784.735333333334,2017-05,5
2017-05-07,17167.87,14448.598571428573,11913.642666666668,2017-05,6
2017-05-08,16148.41,14958.332857142856,12159.086666666666,2017-05,0
2017-05-09,20837.05,15415.025714285714,12579.566666666668,2017-05,1
2017-05-10,20927.49,16968.444285714286,12886.072666666669,2017-05,2
2017-05-11,18164.55,17633.587142857144,13215.007333333335,2017-05,3
2017-05-12,12635.71,17443.00857142857,13362.557666666666,2017-05,4
2017-05-13,9118.65,16428.532857142858,13343.465,2017-05,5
2017-05-14,15219.7,16150.222857142857,13578.499666666667,2017-05,6
2017-05-15,17962.03,16409.31142857143,13899.435999999998,2017-05,0
2017-05-16,21174.88,16457.57285714286,14423.4,2017-05,1
2017-05-17,18343.93,16088.492857142857,14720.975333333332,2017-05,2
2017-05-18,18245.13,16100.004285714285,14619.589,2017-05,3
2017-05-19,18397.67,16923.14142857143,14829.396,2017-05,4
2017-05-20,10632.41,17139.39285714286,14738.038333333334,2017-05,5
2017-05-21,17426.2,17454.60714285714,15036.988000000001,2017-05,6
2017-05-22,25414.2,18519.202857142856,15455.455333333335,2017-05,0
2017-05-23,17798.38,18036.845714285715,15714.103,2017-05,1
2017-05-24,23350.97,18752.137142857147,15987.467666666667,2017-05,2
2017-05-25,15383.79,18343.374285714286,16011.202666666666,2017-05,3
2017-05-26,10651.18,17236.73285714286,15835.583666666667,2017-05,4
2017-05-27,14139.51,17737.74714285714,15963.543666666666,2017-05,5
2017-05-28,9262.62,16571.52142857143,15745.948,2017-05,6
2017-05-29,18912.86,15642.758571428572,15979.289,2017-05,0
2017-05-30,14345.48,15149.487142857144,16187.766333333333,2017-05,1
2017-05-31,20438.15,14733.369999999999,16449.69566666667,2017-05,2
2017-06-01,19305.25,15293.57857142857,16505.197333333334,2017-06,3
2017-06-02,19131.33,16505.028571428575,16807.789666666667,2017-06,4
2017-06-03,10450.35,15978.005714285715,16705.84966666667,2017-06,5
2017-06-04,13863.23,16635.235714285714,16702.298666666666,2017-06,6
2017-06-05,24184.55,17388.334285714285,16967.784333333333,2017-06,0
2017-06-06,14589.15,17423.144285714287,16881.827,2017-06,1
2017-06-07,12771.66,16327.931428571426,16769.268666666667,2017-06,2
2017-06-08,18503.08,16213.335714285713,16691.469666666668,2017-06,3
2017-06-09,16051.35,15773.33857142857,16528.931666666664,2017-06,4
2017-06-10,8220.35,15454.767142857143,16197.458333333334,2017-06,5
2017-06-11,14303.56,15517.671428571428,16253.053333333335,2017-06,6
2017-06-12,14803.11,14177.465714285714,16442.535333333333,2017-06,0
2017-06-13,14016.09,14095.600000000002,16402.415,2017-06,1
2017-06-14,20441.67,15191.315714285713,16485.069666666666,2017-06,2
2017-06-15,12737.67,14367.685714285715,16203.829333333333,2017-06,3
2017-06-16,12908.23,13918.66857142857,16022.639333333333,2017-06,4
2017-06-17,11264.77,14353.585714285715,15789.960666666668,2017-06,5
2017-06-18,17836.16,14858.242857142859,15771.243666666669,2017-06,6
2017-06-19,22764.83,15995.63142857143,16175.657666666666,2017-06,0
2017-06-20,10968.33,15560.23714285714,15960.395333333332,2017-06,1
2017-06-21,6183.65,13523.377142857144,15319.377,2017-06,2
2017-06-22,8826.81,12964.682857142858,15020.32466666667,2017-06,3
2017-06-23,13282.98,13018.218571428572,14684.725,2017-06,4
2017-06-24,8325.65,12598.344285714285,14449.453666666668,2017-06,5
2017-06-25,17646.18,12571.204285714284,14682.620333333334,2017-06,6
2017-06-26,13414.76,11235.48,14658.462000000001,2017-06,0
2017-06-27,16681.61,12051.662857142857,14905.761666666667,2017-06,1
2017-06-28,14655.82,13261.972857142857,14763.860333333334,2017-06,2
2017-06-29,12169.53,13739.504285714287,14691.328666666666,2017-06,3
2017-06-30,12736.89,13661.49142857143,14434.619999999999,2017-06,4
2017-07-01,12151.75,14208.077142857144,14196.17,2017-07,5
2017-07-02,11489.44,13328.54285714286,13941.440333333334,2017-07,6
2017-07-03,16611.05,13785.155714285715,14146.796999999999,2017-07,0
2017-07-04,15484.24,13614.102857142858,14200.830666666667,2017-07,1
2017-07-05,20789.56,14490.351428571428,14087.664333333332,2017-07,2
2017-07-06,22223.72,15926.664285714285,14342.15,2017-07,3
2017-07-07,13662.87,16058.947142857141,14371.857,2017-07,4
2017-07-08,10206.86,15781.105714285713,14095.316333333332,2017-07,5
2017-07-09,8197.38,15310.811428571427,13833.517333333333,2017-07,6
2017-07-10,17326.93,15413.08,14137.07,2017-07,0
2017-07-11,20213.79,16088.73,14334.077666666668,2017-07,1
2017-07-12,19180.22,15858.824285714287,14479.981333333333,2017-07,2
2017-07-13,14531.0,14759.864285714286,14497.144999999999,2017-07,3
2017-07-14,18745.15,15485.904285714289,14440.594333333334,2017-07,4
2017-07-15,10930.56,15589.290000000003,14380.357333333335,2017-07,5
2017-07-16,13421.6,16335.607142857143,14397.469666666668,2017-07,6
2017-07-17,21554.98,16939.614285714288,14740.476666666667,2017-07,0
2017-07-18,28238.2,18085.95857142857,15087.211333333333,2017-07,1
2017-07-19,16545.34,17709.547142857144,14879.895,2017-07,2
2017-07-20,19174.08,18372.844285714287,15153.420000000002,2017-07,3
2017-07-21,13448.85,17616.230000000003,15395.593333333332,2017-07,4
2017-07-22,11456.81,17691.408571428572,15483.26,2017-07,5
2017-07-23,12117.61,17505.124285714286,15444.414333333332,2017-07,6
2017-07-24,19662.62,17234.787142857145,15822.313333333332,2017-07,0
2017-07-25,17482.53,15698.262857142856,15816.858333333334,2017-07,1
2017-07-26,11265.23,14943.961428571429,15745.207333333332,2017-07,2
2017-07-27,15693.93,14446.797142857144,15712.284666666666,2017-07,3
2017-07-28,20043.16,15388.841428571426,15891.862666666666,2017-07,4
2017-07-29,15964.27,16032.764285714284,16018.354,2017-07,5
2017-07-30,12944.87,16150.944285714286,16025.286666666669,2017-07,6
2017-07-31,17272.88,15809.552857142857,16195.991,2017-07,0
2017-08-01,21745.04,16418.48285714286,16537.844333333334,2017-08,1
2017-08-02,18147.0,17401.59285714286,16589.042666666668,2017-08,2
2017-08-03,19125.51,17891.818571428572,16710.418333333335,2017-08,3
2017-08-04,18361.62,17651.59857142857,16629.487,2017-08,4
2017-08-05,11946.91,17077.69,16286.926666666666,2017-08,5
2017-08-06,14181.14,17254.3,16304.202333333333,2017-08,6
2017-08-07,23257.84,18109.294285714284,16739.235,2017-08,0
2017-08-08,18661.63,17668.807142857142,17088.04333333333,2017-08,1
2017-08-09,20756.52,18041.595714285715,17202.363,2017-08,2
2017-08-10,19961.55,18161.030000000002,17193.954999999998,2017-08,3
2017-08-11,20039.24,18400.69,17222.589,2017-08,4
2017-08-12,13980.86,18691.254285714287,17204.251,2017-08,5
2017-08-13,12334.19,18427.404285714285,16990.552333333333,2017-08,6
2017-08-14,18156.37,17698.622857142855,17231.412666666667,2017-08,0
2017-08-15,23727.26,18422.284285714286,17574.934666666668,2017-08,1
2017-08-16,23950.42,18878.55571428571,17654.782666666666,2017-08,2
2017-08-17,18357.91,18649.464285714286,17325.439666666665,2017-08,3
2017-08-18,17132.01,18234.145714285714,17344.995333333332,2017-08,4
2017-08-19,12910.13,18081.184285714284,17136.197,2017-08,5
2017-08-20,12873.78,18158.268571428573,17117.028,2017-08,6
2017-08-21,22219.35,18738.694285714282,17475.779333333332,2017-08,0
2017-08-22,16627.12,17724.388571428568,17626.096333333335,2017-08,1
2017-08-23,15873.61,16570.55857142857,17499.796,2017-08,2
2017-08-24,13361.11,15856.73,17362.41533333333,2017-08,3
2017-08-25,15163.32,15575.488571428572,17492.35166666667,2017-08,4
2017-08-26,10141.69,15179.997142857144,17307.277,2017-08,5
2017-08-27,13367.88,15250.582857142857,17084.767666666667,2017-08,6
2017-08-28,22244.52,15254.17857142857,17294.109333333334,2017-08,0
2017-08-29,33756.48,17701.230000000003,17987.82966666667,2017-08,1
2017-08-30,30938.16,19853.308571428573,18443.338999999996,2017-08,2
2017-08-31,20671.51,20897.65142857143,18407.554666666667,2017-08,3
2017-09-01,28473.13,22799.052857142855,18751.759000000002,2017-09,4
2017-09-02,18128.66,23940.04857142857,18718.53066666667,2017-09,5
2017-09-03,27795.41,26001.124285714286,19032.990333333335,2017-09,6
2017-09-04,24937.98,26385.90428571429,19466.026,2017-09,0
2017-09-05,20981.55,24560.914285714283,19692.70633333333,2017-09,1
2017-09-06,25624.61,23801.83571428571,19771.59866666667,2017-09,2
2017-09-07,16893.5,23262.12,19712.661000000004,2017-09,3
2017-09-08,11883.47,20892.16857142857,19416.892666666667,2017-09,4
2017-09-09,15082.53,20457.007142857143,19254.25866666667,2017-09,5
2017-09-10,17810.27,19030.558571428573,19179.959666666666,2017-09,6
2017-09-11,23376.78,18807.53,19493.157,2017-09,0
2017-09-12,27136.01,19686.73857142857,19986.551,2017-09,1
2017-09-13,27593.28,19967.977142857144,20301.11466666667,2017-09,2
2017-09-14,22557.76,20777.15714285714,20262.131333333335,2017-09,3
2017-09-15,18373.26,21704.269999999997,20076.226000000002,2017-09,4
2017-09-16,21147.37,22570.675714285713,20169.208,2017-09,5
2017-09-17,19979.42,22880.554285714286,20264.121666666662,2017-09,6
2017-09-18,28487.81,23610.70142857143,20783.37766666667,2017-09,0
2017-09-19,20057.95,22599.549999999996,21022.85,2017-09,1
2017-09-20,22102.55,21815.16,21018.95666666667,2017-09,2
2017-09-21,19015.53,21309.12714285714,21098.570333333337,2017-09,3
2017-09-22,16255.12,21006.535714285714,21111.287333333334,2017-09,4
2017-09-23,10513.5,19487.411428571428,21016.367000000002,2017-09,5
2017-09-24,13049.75,18497.45857142857,20945.914666666667,2017-09,6
2017-09-25,17987.1,16997.35714285714,21207.428333333333,2017-09,0
2017-09-26,21681.9,17229.35,21484.56233333333,2017-09,1
2017-09-27,20646.92,17021.402857142857,21431.309,2017-09,2
2017-09-28,23264.52,17628.40142857143,21081.576999999997,2017-09,3
2017-09-29,30878.56,19717.464285714286,21079.590333333337,2017-09,4
2017-09-30,12685.49,20027.74857142857,20813.38966666667,2017-09,5
2017-10-01,18821.27,20852.25142857143,20491.661000000004,2017-10,6
2017-10-02,21764.65,21391.90142857143,20612.860666666664,2017-10,0
2017-10-03,26118.57,22025.71142857143,20556.966,2017-10,1
2017-10-04,21197.7,22104.394285714283,20432.289999999997,2017-10,2
2017-10-05,25517.52,22426.25142857143,20583.489,2017-10,3
2017-10-06,17084.670000000002,20455.695714285714,20298.824333333334,2017-10,4
2017-10-07,15376.02,20840.057142857142,20248.241666666665,2017-10,5
2017-10-08,16539.010000000002,20514.02,20403.42633333333,2017-10,6
2017-10-09,30337.79,21738.754285714287,20911.934999999998,2017-10,0
2017-10-10,28151.13,22029.12,21256.630333333334,2017-10,1
2017-10-11,22669.37,22239.358571428573,21233.05,2017-10,2
2017-10-12,18754.23,21273.174285714285,20953.657333333333,2017-10,3
2017-10-13,22881.19,22101.248571428576,20796.587666666666,2017-10,4
2017-10-14,13528.82,21837.362857142853,20495.623,2017-10,5
2017-10-15,18751.85,22153.482857142855,20508.242666666665,2017-10,6
2017-10-16,30580.16,22188.10714285714,20822.668999999998,2017-10,0
2017-10-17,29675.77,22405.91285714286,21145.880666666668,2017-10,1
2017-10-18,27257.79,23061.40142857143,21104.88,2017-10,2
2017-10-19,23223.71,23699.89857142857,21210.405333333336,2017-10,3
2017-10-20,18626.2,23092.042857142857,21094.527,2017-10,4
2017-10-21,14982.45,23299.704285714284,20960.091,2017-10,5
2017-10-22,19786.81,23447.555714285718,21077.814,2017-10,6
2017-10-23,22278.1,22261.547142857144,21469.96733333333,2017-10,0
2017-10-24,22071.27,21175.190000000002,21770.684666666664,2017-10,1
2017-10-25,17507.06,19782.22857142857,21754.683333333334,2017-10,2
2017-10-26,22573.15,19689.29142857143,21784.391666666666,2017-10,3
2017-10-27,20377.58,19939.488571428574,21775.413666666667,2017-10,4
2017-10-28,16483.61,20153.94,21549.383333333335,2017-10,5
2017-10-29,17267.75,19794.074285714283,21095.689666666665,2017-10,6
2017-10-30,20221.23,19500.235714285718,21346.880999999998,2017-10,0
2017-10-31,23813.0,19749.054285714286,21513.271999999997,2017-10,1
2017-11-01,19383.61,20017.132857142857,21433.904,2017-11,2
2017-11-02,21263.73,19830.07285714286,21272.076,2017-11,3
2017-11-03,22844.05,20182.425714285713,21326.954333333335,2017-11,4
2017-11-04,19169.07,20566.062857142857,21115.339333333333,2017-11,5
2017-11-05,17327.44,20574.59,21123.431666666664,2017-11,6
2017-11-06,28600.29,21771.59857142857,21564.240666666665,2017-11,0
2017-11-07,20829.71,21345.414285714283,21707.264000000003,2017-11,1
2017-11-08,19240.51,21324.971428571425,21337.354666666666,2017-11,2
2017-11-09,25053.34,21866.344285714287,21234.094999999998,2017-11,3
2017-11-10,20223.84,21492.028571428575,21152.577333333335,2017-11,4
2017-11-11,23292.07,22081.028571428567,21303.838666666667,2017-11,5
2017-11-12,23087.26,22903.859999999997,21310.707666666665,2017-11,6
2017-11-13,24391.97,22302.67142857143,21672.81266666667,2017-11,0
2017-11-14,27049.68,23191.23857142857,21949.407000000003,2017-11,1
2017-11-15,23711.29,23829.92142857143,21720.444666666666,2017-11,2
2017-11-16,28268.82,24289.27571428572,21673.546333333335,2017-11,3
2017-11-17,29209.07,25572.88,21738.588999999996,2017-11,4
2017-11-18,23233.3,25564.484285714287,21738.908666666666,2017-11,5
2017-11-19,19955.56,25117.09857142857,21783.220666666668,2017-11,6
2017-11-20,44284.47,27958.884285714284,22759.95466666667,2017-11,0
2017-11-21,34316.64,28997.021428571432,23244.282333333333,2017-11,1
2017-11-22,24962.57,29175.77571428571,23333.76466666667,2017-11,2
2017-11-23,44712.88,31524.92714285714,24088.485,2017-11,3
2017-11-24,152653.74,49159.880000000005,28593.374333333333,2017-11,4
2017-11-25,60923.48,54544.19142857143,29871.718666666664,2017-11,5
2017-11-26,45315.28,58167.008571428574,30702.975333333332,2017-11,6
2017-11-27,47923.66,58686.892857142855,31750.977000000003,2017-11,0
2017-11-28,47886.55,60625.451428571425,32771.60366666667,2017-11,1
2017-11-29,39834.75,62750.04857142857,33425.38766666667,2017-11,2
2017-11-30,31322.74,60837.17142857142,33675.71233333334,2017-11,3
2017-12-01,39981.91,44741.19571428571,34362.32233333334,2017-12,4
2017-12-02,31208.13,40496.14571428572,34693.80233333333,2017-12,5
2017-12-03,29262.92,38202.951428571425,34907.76466666667,2017-12,6
2017-12-04,47348.52,38120.78857142857,35847.079666666665,2017-12,0
2017-12-05,33632.37,36084.47714285714,36390.577333333335,2017-12,1
2017-12-06,39198.74,35993.618571428575,36743.859000000004,2017-12,2
2017-12-07,28055.78,35526.909999999996,36984.728,2017-12,3
2017-12-08,29847.46,34079.13142857143,37338.293,2017-12,4
2017-12-09,20027.04,32481.83285714286,37170.74966666666,2017-12,5
2017-12-10,24695.79,31829.385714285712,37319.81466666667,2017-12,6
2017-12-11,33990.39,29921.08142857143,37676.42533333333,2017-12,0
2017-12-12,33468.71,29897.70142857143,38022.473666666665,2017-12,1
2017-12-13,29601.28,28526.635714285712,38196.117333333335,2017-12,2
2017-12-14,25286.23,28130.985714285714,38137.335666666666,2017-12,3
2017-12-15,27382.2,27778.80571428571,38259.69933333333,2017-12,4
2017-12-16,20296.28,27817.26857142857,37993.948,2017-12,5
2017-12-17,19312.41,27048.214285714286,37664.05933333333,2017-12,6
2017-12-18,29162.11,26358.46,37861.68633333334,2017-12,0
2017-12-19,20615.99,24522.35714285714,37883.700666666664,2017-12,1
2017-12-20,27958.53,24287.678571428572,37339.50266666667,2017-12,2
2017-12-21,18572.22,23328.534285714286,36814.68866666666,2017-12,3
2017-12-22,14935.3,21550.405714285713,36480.44633333334,2017-12,4
2017-12-23,12875.05,20490.230000000003,35419.185333333335,2017-12,5
2017-12-24,5759.01,18554.030000000002,30522.694333333333,2017-12,6
2017-12-25,10381.34,15871.062857142857,28837.956333333335,2017-12,0
2017-12-26,20549.43,15861.554285714286,28012.428,2017-12,1
2017-12-27,17700.4,14396.107142857143,27004.985999999997,2017-12,2
2017-12-28,15037.49,13891.145714285714,25910.017333333333,2017-12,3
2017-12-29,16042.72,14049.348571428573,25116.949666666667,2017-12,4
2017-12-30,13042.65,14073.29142857143,24507.613333333335,2017-12,5
2017-12-31,8685.77,14491.4,23464.408666666666,2017-12,6
2018-01-01,6948.21,14000.952857142856,22655.744666666666,2018-01,0
2018-01-02,25315.0,14681.74857142857,22524.14733333333,2018-01,1
2018-01-03,31886.72,16708.365714285716,22008.754,2018-01,2
2018-01-04,34839.44,19537.215714285714,22048.989666666665,2018-01,3
2018-01-05,27720.39,21205.454285714284,21666.378,2018-01,4
2018-01-06,27609.67,23286.457142857143,21651.507666666665,2018-01,5
2018-01-07,29433.01,26250.34857142857,21637.692666666662,2018-01,6
2018-01-08,38714.4,30788.375714285714,22260.604666666666,2018-01,0
2018-01-09,30248.91,31493.219999999998,22445.708666666666,2018-01,1
2018-01-10,38479.53,32435.049999999996,22595.346666666668,2018-01,2
2018-01-11,40056.96,33180.409999999996,22814.955,2018-01,3
2018-01-12,30988.94,33647.345714285715,22861.210333333336,2018-01,4
2018-01-13,28091.91,33716.23714285714,22954.733,2018-01,5
2018-01-14,30962.53,33934.74,23074.07733333333,2018-01,6
2018-01-15,38330.3,33879.86857142857,23675.211333333336,2018-01,0
2018-01-16,44237.17,35878.19142857143,24506.036666666667,2018-01,1
2018-01-17,36089.22,35536.718571428566,24736.940333333332,2018-01,2
2018-01-18,27774.77,33782.12,24975.566333333332,2018-01,3
2018-01-19,29954.78,33634.38285714285,25042.108,2018-01,4
2018-01-20,22381.68,32818.635714285716,25169.090000000004,2018-01,5
2018-01-21,23829.83,31799.678571428572,25465.574333333334,2018-01,6
2018-01-22,37137.64,31629.29857142857,26274.327333333335,2018-01,0
2018-01-23,34746.17,30273.441428571423,27240.566,2018-01,1
2018-01-24,31700.17,29646.434285714287,27951.193666666666,2018-01,2
2018-01-25,29634.42,29912.09857142857,28254.02666666667,2018-01,3
2018-01-26,33995.0,30489.272857142852,28797.18,2018-01,4
2018-01-27,22031.08,30439.187142857143,29030.299666666666,2018-01,5
2018-01-28,24100.75,30477.889999999996,29298.90066666667,2018-01,6
2018-01-29,30481.32,29526.987142857142,29880.18966666667,2018-01,0
2018-01-30,29588.85,28790.227142857137,30576.959,2018-01,1
2018-01-31,32721.59,28936.144285714287,31436.071666666667,2018-01,2
2018-02-01,30362.15,29040.105714285717,31604.31,2018-02,3
2018-02-02,27731.6,28145.334285714285,31465.805999999997,2018-02,4
2018-02-03,23448.66,28347.84571428571,31086.113333333335,2018-02,5
2018-02-04,23989.79,28331.994285714285,30961.76,2018-02,6
2018-02-05,37360.84,29314.782857142854,31286.799,2018-02,0
2018-02-06,34119.38,29962.00142857143,31443.011333333336,2018-02,1
2018-02-07,31306.23,29759.807142857142,31196.072333333334,2018-02,2
2018-02-08,27314.73,29324.461428571427,31098.266333333333,2018-02,3
2018-02-09,30743.07,29754.671428571426,30840.38433333333,2018-02,4
2018-02-10,21248.16,29440.314285714285,30213.424333333332,2018-02,5
2018-02-11,22504.98,29228.198571428573,29930.625666666663,2018-02,6
2018-02-12,23310.73,27221.04,29771.253,2018-02,0
2018-02-13,23638.34,25723.74857142857,29527.113333333335,2018-02,1
2018-02-14,37079.65,26548.522857142852,29485.425,2018-02,2
2018-02-15,32279.91,27257.834285714285,29086.849666666665,2018-02,3
2018-02-16,26894.99,26708.108571428573,28780.375333333333,2018-02,4
2018-02-17,24952.76,27237.33714285714,28686.308333333334,2018-02,5
2018-02-18,24592.43,27535.544285714288,28507.563333333335,2018-02,6
2018-02-19,28190.63,28232.67285714286,28701.195,2018-02,0
2018-02-20,36568.57,30079.84857142857,29125.819666666666,2018-02,1
2018-02-21,32401.69,29411.56857142857,28967.95466666667,2018-02,2
2018-02-22,32718.71,29474.254285714287,28900.372666666666,2018-02,3
2018-02-23,28424.7,29692.784285714286,28791.190333333332,2018-02,4
2018-02-24,24263.51,29594.320000000003,28612.159999999996,2018-02,5
2018-02-25,29203.77,30253.082857142854,28452.45233333333,2018-02,6
2018-02-26,43750.96,32475.987142857142,29176.44833333333,2018-02,0
2018-02-27,40267.2,33004.362857142856,29715.33,2018-02,1
2018-02-28,45510.57,34877.06,30216.304999999997,2018-02,2
2018-03-01,39651.51,35867.46,30551.727,2018-03,3
2018-03-02,31776.46,36346.282857142854,30520.222666666665,2018-03,4
2018-03-03,26394.97,36650.77714285714,30387.983333333334,2018-03,5
2018-03-04,32441.9,37113.36714285715,30544.993333333336,2018-03,6
2018-03-05,38323.07,36337.95428571429,31040.806999999997,2018-03,0
2018-03-06,39173.99,36181.78142857143,31546.947,2018-03,1
2018-03-07,36137.89,34842.827142857146,31506.181999999997,2018-03,2
2018-03-08,28156.39,33200.66714285714,31307.415666666664,2018-03,3
2018-03-09,28405.44,32719.09285714286,31210.722666666665,2018-03,4
2018-03-10,26203.91,32691.798571428568,31173.695333333333,2018-03,5
2018-03-11,31320.43,32531.588571428572,31192.94066666667,2018-03,6
2018-03-12,30644.66,31434.672857142858,31506.157333333333,2018-03,0
2018-03-13,36074.24,30991.851428571426,31958.466,2018-03,1
2018-03-14,23528.79,29190.55142857143,31965.734666666667,2018-03,2
2018-03-15,44311.46,31498.41857142857,32654.838666666663,2018-03,3
2018-03-16,32832.19,32130.81142857143,32513.256666666668,2018-03,4
2018-03-17,20078.5,31255.75285714286,32106.543,2018-03,5
2018-03-18,31119.33,31227.024285714284,32247.354333333333,2018-03,6
2018-03-19,44645.19,33227.1,32903.76866666667,2018-03,0
2018-03-20,35749.47,33180.70428571429,33275.67,2018-03,1
2018-03-21,39714.43,35492.938571428575,33659.79666666667,2018-03,2
2018-03-22,31119.41,33608.36,33478.158,2018-03,3
2018-03-23,29621.24,33149.65285714286,33385.47633333333,2018-03,4
2018-03-24,23787.77,33679.54857142857,33087.778333333335,2018-03,5
2018-03-25,25557.29,32884.97142857143,32992.198000000004,2018-03,6
2018-03-26,35779.01,31618.374285714286,33376.048,2018-03,0
2018-03-27,34732.56,31473.10142857143,33560.341,2018-03,1
2018-03-28,29713.34,30044.374285714286,33092.420333333335,2018-03,2
2018-03-29,28926.73,29731.134285714284,32714.404666666665,2018-03,3
2018-03-30,22088.14,28654.977142857144,31933.657000000003,2018-03,4
2018-03-31,25203.73,28857.257142857146,31452.064333333336,2018-03,5
2018-04-01,29396.66,29405.738571428574,31372.737666666668,2018-04,6
2018-04-02,40279.1,30048.608571428573,31835.542,2018-04,0
2018-04-03,36246.51,30264.88714285714,31962.362333333334,2018-04,1
2018-04-04,37982.73,31446.22857142857,31951.017666666667,2018-04,2
2018-04-05,36058.79,32465.094285714287,31847.17766666667,2018-04,3
2018-04-06,27784.74,33278.89428571429,31568.739333333335,2018-04,4
2018-04-07,25517.38,33323.70142857143,31480.772333333334,2018-04,5
2018-04-08,23463.85,32476.157142857144,31316.05266666667,2018-04,6
2018-04-09,49308.73,33766.10428571428,32086.213333333333,2018-04,0
2018-04-10,27870.56,32569.540000000005,31971.217666666667,2018-04,1
2018-04-11,40782.96,32969.572857142855,32309.161000000004,2018-04,2
2018-04-12,34117.58,32692.257142857143,32243.939000000002,2018-04,3
2018-04-13,31150.36,33173.060000000005,32497.99133333333,2018-04,4
2018-04-14,18845.7,32219.96285714286,31649.13266666667,2018-04,5
2018-04-15,30524.04,33228.561428571425,31572.194333333333,2018-04,6
2018-04-16,40412.26,31957.637142857147,32249.98633333333,2018-04,0
2018-04-17,36682.97,33216.55285714286,32435.441000000003,2018-04,1
2018-04-18,39472.71,33029.374285714286,32263.025,2018-04,2
2018-04-19,43287.21,34339.32142857143,32514.283,2018-04,3
2018-04-20,28353.84,33939.81857142857,32135.596666666668,2018-04,4
2018-04-21,18966.34,33957.05285714286,31730.494333333336,2018-04,5
2018-04-22,27350.9,33503.747142857144,31654.816333333336,2018-04,6
2018-04-23,37674.27,33112.60571428571,32117.699666666667,2018-04,0
2018-04-24,43083.77,34027.00571428571,32701.915666666664,2018-04,1
2018-04-25,40995.02,34244.478571428575,32875.782666666666,2018-04,2
2018-04-26,31631.36,32579.35714285714,32772.40933333334,2018-04,3
2018-04-27,40752.54,34350.6,33140.382666666665,2018-04,4
2018-04-28,23560.56,35006.91714285714,32961.51033333333,2018-04,5
2018-04-29,19411.7,33872.74571428572,32872.295666666665,2018-04,6
2018-04-30,35682.61,33588.22285714286,33221.59166666667,2018-04,0
2018-05-01,33163.8,32171.084285714285,33347.163,2018-05,1
2018-05-02,38557.72,31822.898571428574,33289.78366666667,2018-05,2
2018-05-03,42497.77,33375.24285714286,33498.159,2018-05,3
2018-05-04,39730.93,33229.29857142857,33556.43233333333,2018-05,4
2018-05-05,28306.45,33907.28285714286,33298.021,2018-05,5
2018-05-06,28565.97,35215.03571428572,33324.062,2018-05,6
2018-05-07,54167.48,37855.73142857143,34279.06533333333,2018-05,0
2018-05-08,47800.69,39946.71571428572,35090.293333333335,2018-05,1
2018-05-09,43589.12,40665.48714285714,34899.63966666667,2018-05,2
2018-05-10,51458.67,41945.61571428571,35685.91,2018-05,3
2018-05-11,37859.19,41678.224285714285,35588.451,2018-05,4
2018-05-12,29604.14,41863.60857142857,35438.003000000004,2018-05,5
2018-05-13,31313.52,42256.11571428572,35443.441666666666,2018-05,6
2018-05-14,53842.38,42209.672857142854,36609.99766666666,2018-05,0
2018-05-15,41119.85,41255.26714285714,36963.191333333336,2018-05,1
2018-05-16,56283.73,43068.782857142854,37492.240333333335,2018-05,2
2018-05-17,31488.47,40215.897142857146,37319.09033333333,2018-05,3
2018-05-18,31621.52,39324.80142857142,37057.384,2018-05,4
2018-05-19,25201.29,38695.822857142855,36454.520000000004,2018-05,5
2018-05-20,19586.54,37020.54,36162.276666666665,2018-05,6
2018-05-21,25404.06,32957.92285714286,36376.867333333335,2018-05,0
2018-05-22,27793.91,31054.217142857142,36391.634333333335,2018-05,1
2018-05-23,17501.05,25513.834285714285,35719.193666666666,2018-05,2
2018-05-24,20073.26,23883.089999999997,34952.176666666666,2018-05,3
2018-05-25,15888.92,21635.575714285715,34115.30666666667,2018-05,4
2018-05-26,14799.17,20149.558571428573,33554.23366666667,2018-05,5
2018-05-27,12523.25,19140.51714285714,32613.25733333333,2018-05,6
2018-05-28,26877.47,19351.004285714287,32723.821000000004,2018-05,0
2018-05-29,25572.08,19033.600000000002,32929.167,2018-05,1
2018-05-30,19214.0,19278.307142857146,32380.213333333333,2018-05,2
2018-05-31,25111.28,19998.024285714284,32111.796,2018-05,3
2018-06-01,32298.92,22342.309999999998,31903.16933333333,2018-06,4
2018-06-02,25266.62,23837.660000000003,31328.797666666665,2018-06,5
2018-06-03,28461.66,26114.57571428571,30953.155333333336,2018-06,6
2018-06-04,28622.4,26363.85142857143,30963.686999999998,2018-06,0
2018-06-05,30709.36,27097.74857142857,31035.133333333335,2018-06,1
2018-06-06,26134.4,28086.377142857145,30100.697333333334,2018-06,2
2018-06-07,37020.4,29787.68,29741.354333333333,2018-06,3
2018-06-08,26870.41,29012.178571428576,29184.064,2018-06,4
2018-06-09,29325.08,29591.95857142857,28446.27766666667,2018-06,5
2018-06-10,25501.97,29169.145714285714,28034.370333333332,2018-06,6
2018-06-11,49669.7,32175.902857142857,28703.22233333333,2018-06,0
2018-06-12,40369.0,33555.851428571434,29005.071666666667,2018-06,1
2018-06-13,34616.96,34767.64571428571,28364.224333333335,2018-06,2
2018-06-14,27504.6,33408.24571428571,27910.382666666665,2018-06,3
2018-06-15,26617.56,33372.124285714286,26921.51033333333,2018-06,4
2018-06-16,24616.05,32699.405714285713,26692.429666666667,2018-06,5
2018-06-17,17316.33,31530.028571428575,26215.59,2018-06,6
2018-06-18,34718.3,29394.114285714284,26532.823666666667,2018-06,0
2018-06-19,34630.33,28574.304285714286,27034.283333333333,2018-06,1
2018-06-20,28793.99,27742.45142857143,27147.281,2018-06,2
2018-06-21,27703.58,27770.87714285714,27144.270000000004,2018-06,3
2018-06-22,24807.27,27512.264285714286,27387.810666666668,2018-06,4
2018-06-23,17501.92,26495.96,27302.09933333333,2018-06,5
2018-06-24,24432.6,27512.570000000003,27586.888666666662,2018-06,6
2018-06-25,36135.52,27715.03,28298.100333333332,2018-06,0
2018-06-26,30957.57,27190.350000000002,28912.577666666668,2018-06,1
2018-06-27,26496.48,26862.134285714284,28899.878000000004,2018-06,2
2018-06-28,32171.97,27500.475714285716,29119.874333333333,2018-06,3
2018-06-29,20473.48,26881.362857142853,29161.857,2018-06,4
2018-06-30,15379.88,26578.214285714286,28837.477,2018-06,5
2018-07-01,24369.47,26569.195714285714,28573.162,2018-07,6
2018-07-02,23158.62,24715.352857142858,28502.895333333334,2018-07,0
2018-07-03,26307.31,24051.03,28431.083666666666,2018-07,1
2018-07-04,35651.65,25358.911428571428,28665.392,2018-07,2
2018-07-05,28809.33,24878.534285714286,28602.057666666668,2018-07,3
2018-07-06,19005.54,24668.828571428574,28364.429,2018-07,4
2018-07-07,9076.56,23768.354285714286,27432.967666666664,2018-07,5
2018-07-08,14410.79,22345.685714285715,27017.647,2018-07,6
2018-07-09,19564.85,21832.29,26692.305999999997,2018-07,0
2018-07-10,18724.57,20749.04142857143,26466.392666666667,2018-07,1
2018-07-11,18519.98,18301.66,25428.06866666667,2018-07,2
2018-07-12,28891.77,18313.437142857143,25045.494333333336,2018-07,3
2018-07-13,27644.23,19547.535714285714,24813.07,2018-07,4
2018-07-14,22257.69,21430.554285714286,24638.173,2018-07,5
2018-07-15,30037.49,23662.94,24752.170666666665,2018-07,6
2018-07-16,31308.29,25340.574285714287,24975.245333333332,2018-07,0
2018-07-17,30421.48,27011.56142857143,25412.083666666666,2018-07,1
2018-07-18,41193.49,30250.634285714284,25627.923333333332,2018-07,2
2018-07-19,38705.58,31652.60714285714,25763.765000000003,2018-07,3
2018-07-20,32031.44,32279.351428571426,25871.68,2018-07,4
2018-07-21,21113.58,32115.907142857144,25652.01333333333,2018-07,5
2018-07-22,27753.42,31789.61142857143,25750.21833333333,2018-07,6
2018-07-23,39911.22,33018.60142857143,26497.195,2018-07,0
2018-07-24,41525.76,34604.927142857145,27066.967,2018-07,1
2018-07-25,40417.5,34494.07142857143,27209.699666666667,2018-07,2
2018-07-26,35292.72,34006.520000000004,27354.20466666667,2018-07,3
2018-07-27,28371.75,33483.70714285714,27416.713666666667,2018-07,4
2018-07-28,25210.12,34068.927142857145,27184.652000000002,2018-07,5
2018-07-29,31434.08,34594.735714285714,27550.005333333334,2018-07,6
2018-07-30,39070.66,34474.65571428572,28339.698,2018-07,0
2018-07-31,45316.28,35016.15857142857,29037.925,2018-07,1
2018-08-01,40553.8,35035.63,29617.764333333336,2018-08,2
2018-08-02,38462.26,35488.42142857143,30022.929333333333,2018-08,3
2018-08-03,42075.18,37446.05428571429,30237.047000000002,2018-08,4
2018-08-04,35511.96,38917.74571428572,30460.468,2018-08,5
2018-08-05,35583.76,39510.55714285715,31013.075333333334,2018-08,6
2018-08-06,56427.39,41990.090000000004,32591.436333333335,2018-08,0
2018-08-07,49178.98,42541.904285714285,33750.376000000004,2018-08,1
2018-08-08,43333.07,42938.94285714285,34542.65,2018-08,2
2018-08-09,40040.28,43164.374285714286,35253.17366666666,2018-08,3
2018-08-10,33424.73,41928.595714285715,35749.99866666667,2018-08,4
2018-08-11,25960.93,40564.16285714286,35652.304,2018-08,5
2018-08-12,31524.21,39984.22714285715,35781.63666666667,2018-08,6
2018-08-13,38613.13,37439.33285714286,36326.818,2018-08,0
2018-08-14,44192.84,36727.02714285714,36798.66300000001,2018-08,1
2018-08-15,45574.04,37047.165714285715,37274.188,2018-08,2
2018-08-16,35670.61,36422.927142857145,37449.159,2018-08,3
2018-08-17,31730.67,36180.91857142857,37133.73166666667,2018-08,4
2018-08-18,24340.95,35949.49285714285,36654.91066666667,2018-08,5
2018-08-19,25487.39,35087.090000000004,36436.77566666667,2018-08,6
2018-08-20,34479.5,34496.57142857143,36882.306333333334,2018-08,0
2018-08-21,26323.06,31943.745714285713,36834.62766666667,2018-08,1
2018-08-22,20297.13,28332.75857142857,36180.82466666667,2018-08,2
2018-08-23,17030.87,25669.93857142857,35364.32833333334,2018-08,3
2018-08-24,9633.61,22513.215714285714,34338.19866666667,2018-08,4
2018-08-25,10599.41,20550.138571428575,33515.08833333333,2018-08,5
2018-08-26,8070.71,18062.04142857143,32838.387,2018-08,6
2018-08-27,5345.91,13900.1,32176.246666666666,2018-08,0
2018-08-28,3673.91,10664.507142857143,31250.907666666666,2018-08,1
2018-08-29,1546.04,7985.78,30000.087,2018-08,2
2018-09-03,145.0,5573.512857142857,28494.37766666667,2018-09,0
